{
    "reactant": -170.17851201988634,
    "transition": -170.14534120527233,
    "product": -170.18662965282292
}