{
    "reactant": -170.17851202022794,
    "transition": -170.14534120533907,
    "product": -170.18662965309298
}